Job ID,Job URL,Job Title,Status,Timestamp,Location,Page
76a2d97f92636ea0,https://ar.computrabajo.com/ofertas-de-trabajo/oferta-de-trabajo-de-encargado-de-local-reconocida-cadena-gastronomica-en-belgrano-ECB48A908738352061373E686DCF3405,Encargado de Local - Reconocida Cadena Gastronómica,posted|wp_id=34983|https://argentina.mimusjobs.com/job/encargado-de-local-reconocida-cadena-gastronomica-4/,2026-09-27T15:25:29.584588,https://ar.computrabajo.com/empleos-en-capital-federal,1
3dfdbb6310572035,https://ar.computrabajo.com/ofertas-de-trabajo/oferta-de-trabajo-de-telemarketer-ventas-turno-tarde-en-san-nicolas-F5A1005535172B4F61373E686DCF3405,Telemarketer Ventas - Turno Tarde,posted|wp_id=22107|https://argentina.mimusjobs.com/job/telemarketer-ventas-turno-tarde/,2026-09-27T15:25:32.162183,https://ar.computrabajo.com/empleos-en-capital-federal,1
7b82bb66045cca3c,https://ar.computrabajo.com/ofertas-de-trabajo/oferta-de-trabajo-de-tecnico-electronico-para-mostrador-rubro-componentes-electronicos-caba-centro-en-balvanera-AF77F58E04602BCD61373E686DCF3405,Tecnico Electronico para Mostrador - Rubro Componentes Electrónicos / CABA Centro,posted|wp_id=34985|https://argentina.mimusjobs.com/job/tecnico-electronico-para-mostrador-rubro-componentes-electronicos-caba-centro-4/,2026-09-27T15:25:38.496366,https://ar.computrabajo.com/empleos-en-capital-federal,1
0ffeb4ea8e5bd2c3,https://ar.computrabajo.com/ofertas-de-trabajo/oferta-de-trabajo-de-recepcionista-req213114-en-retiro-A1B9B785A9EB6DB361373E686DCF3405,Recepcionista (req213114),posted|wp_id=22122|https://argentina.mimusjobs.com/job/recepcionista-req213114/,2026-09-27T15:25:41.293982,https://ar.computrabajo.com/empleos-en-capital-federal,1
7e8b67ad8be0eadf,https://ar.computrabajo.com/ofertas-de-trabajo/oferta-de-trabajo-de-power-platform-administrator--ai-copilot-governance-specialist-team-lead-en-san-nicolas-2360AAD81598D28E61373E686DCF3405,Power Platform Administrator / AI Copilot Governance Specialist – Team Lead,posted|wp_id=9868|https://argentina.mimusjobs.com/job/power-platform-administrator-ai-copilot-governance-specialist-team-lead/,2026-09-27T15:25:46.687528,https://ar.computrabajo.com/empleos-en-capital-federal,1
4c8716a03baeefef,https://ar.computrabajo.com/ofertas-de-trabajo/oferta-de-trabajo-de-responsable-de-cocina-especializado-en-parrilla-en-palermo-5C1ED6B6C3FFB7F461373E686DCF3405,Responsable de Cocina - Especializado en Parrilla,posted|wp_id=19273|https://argentina.mimusjobs.com/job/responsable-de-cocina-especializado-en-parrilla/,2026-09-27T15:25:49.435909,https://ar.computrabajo.com/empleos-en-capital-federal,1
5ec54ff06b383e46,https://ar.computrabajo.com/ofertas-de-trabajo/oferta-de-trabajo-de-jefe-de-cocina-caba-gba-oeste-en-palermo-695629763E6B96D561373E686DCF3405,Jefe de Cocina - CABA / GBA Oeste,posted|wp_id=19269|https://argentina.mimusjobs.com/job/jefe-de-cocina-caba-gba-oeste/,2026-09-27T15:25:51.948474,https://ar.computrabajo.com/empleos-en-capital-federal,1
83804373d4e5113b,https://ar.computrabajo.com/ofertas-de-trabajo/oferta-de-trabajo-de-analista-ssr-de-administracion-de-personal-cadena-lider-de-peluquerias-profesionales-en-recoleta-252817246820B6F961373E686DCF3405,Analista Ssr. de Administración de Personal - Cadena Lider de Peluquerías Profesionales,posted|wp_id=34989|https://argentina.mimusjobs.com/job/analista-ssr-de-administracion-de-personal-cadena-lider-de-peluquerias-profesionales-4/,2026-09-27T15:25:58.540541,https://ar.computrabajo.com/empleos-en-capital-federal,1
bb64aed812f52566,https://ar.computrabajo.com/ofertas-de-trabajo/oferta-de-trabajo-de-ayudantes-de-cocina-importante-cadena-gastronomica-en-palermo-5F1E6F6CCBD9FB9561373E686DCF3405,Ayudantes de Cocina - Importante Cadena Gastronómica.,posted|wp_id=34991|https://argentina.mimusjobs.com/job/ayudantes-de-cocina-importante-cadena-gastronomica-4/,2026-09-27T15:26:04.430663,https://ar.computrabajo.com/empleos-en-capital-federal,1
726aa34d97e4681f,https://ar.computrabajo.com/ofertas-de-trabajo/oferta-de-trabajo-de-camarerao-caba-importante-cadena-gastronomica-en-caballito-211B9089B6BCC98461373E686DCF3405,Camarera/o CABA - Importante Cadena Gastronómica,posted|wp_id=34993|https://argentina.mimusjobs.com/job/camarera-o-caba-importante-cadena-gastronomica-4/,2026-09-27T15:26:10.705752,https://ar.computrabajo.com/empleos-en-capital-federal,1
11c955957bf6c4f7,https://ar.computrabajo.com/ofertas-de-trabajo/oferta-de-trabajo-de-jefe-de-pasteleria-importante-centro-de-produccion-en-villa-crespo-1EC7AD9D6F76712E61373E686DCF3405,Jefe de Pastelería - Importante Centro de Producción,posted|wp_id=34995|https://argentina.mimusjobs.com/job/jefe-de-pasteleria-importante-centro-de-produccion-4/,2026-09-27T15:26:17.215909,https://ar.computrabajo.com/empleos-en-capital-federal,1
67b188452cb0614d,https://ar.computrabajo.com/ofertas-de-trabajo/oferta-de-trabajo-de-bachero-caba-importante-empresa-gastronomica-en-villa-devoto-A1B15E3CA74105A261373E686DCF3405,Bachero (CABA) - Importante Empresa Gastronómica,posted|wp_id=34997|https://argentina.mimusjobs.com/job/bachero-caba-importante-empresa-gastronomica-4/,2026-09-27T15:26:22.624417,https://ar.computrabajo.com/empleos-en-capital-federal,1
49ae90cd1c65b031,https://ar.computrabajo.com/ofertas-de-trabajo/oferta-de-trabajo-de-supervisor-de-locales-importante-empresa-gastronomica-en-palermo-C3AA3CEF1FE2287061373E686DCF3405,Supervisor de Locales - Importante Empresa Gastronómica,posted|wp_id=34999|https://argentina.mimusjobs.com/job/supervisor-de-locales-importante-empresa-gastronomica-4/,2026-09-27T15:26:28.269191,https://ar.computrabajo.com/empleos-en-capital-federal,1
5e7f5304b91fd271,https://ar.computrabajo.com/ofertas-de-trabajo/oferta-de-trabajo-de-pastelero--laminador-caba-importante-empresa-gastronomica-en-villa-devoto-6FE43D2447FDFA6D61373E686DCF3405,Pastelero / Laminador CABA - Importante Empresa Gastronómica,posted|wp_id=35001|https://argentina.mimusjobs.com/job/pastelero-laminador-caba-importante-empresa-gastronomica-4/,2026-09-27T15:26:33.663473,https://ar.computrabajo.com/empleos-en-capital-federal,1
12a7d413ebea50ca,https://ar.computrabajo.com/ofertas-de-trabajo/oferta-de-trabajo-de-chef-de-turno-importante-cadena-gastronomica-reconocida-cadena-gastronomica-en-palermo-7255527C0EC0F19D61373E686DCF3405,Chef de turno importante Cadena Gastronómica - Reconocida Cadena Gastronómica,posted|wp_id=35003|https://argentina.mimusjobs.com/job/chef-de-turno-importante-cadena-gastronomica-reconocida-cadena-gastronomica-4/,2026-09-27T15:26:40.476329,https://ar.computrabajo.com/empleos-en-capital-federal,1
8cd4cb68fee25a93,https://ar.computrabajo.com/ofertas-de-trabajo/oferta-de-trabajo-de-supervisor-de-franquicias-reconocida-cadena-gastronomica-en-palermo-B272A2E6FE99366A61373E686DCF3405,Supervisor de Franquicias - Reconocida Cadena Gastronómica,posted|wp_id=35005|https://argentina.mimusjobs.com/job/supervisor-de-franquicias-reconocida-cadena-gastronomica-4/,2026-09-27T15:26:46.016699,https://ar.computrabajo.com/empleos-en-capital-federal,1
2a9908d26ec4389d,https://ar.computrabajo.com/ofertas-de-trabajo/oferta-de-trabajo-de-gerente-de-local-importante-grupo-gastronomico-en-palermo-740B67CA8C0C136861373E686DCF3405,Gerente de Local - Importante Grupo Gastronómico,posted|wp_id=35007|https://argentina.mimusjobs.com/job/gerente-de-local-importante-grupo-gastronomico-4/,2026-09-27T15:26:50.836819,https://ar.computrabajo.com/empleos-en-capital-federal,1
ee3685ad7a6ff3a2,https://ar.computrabajo.com/ofertas-de-trabajo/oferta-de-trabajo-de-telemarketer-venta-de-seguros-turno-tarde-en-monserrat-4C9F98999A2CCA1161373E686DCF3405,Telemarketer Venta de Seguros - Turno Tarde,posted|wp_id=22113|https://argentina.mimusjobs.com/job/telemarketer-venta-de-seguros-turno-tarde/,2026-09-27T15:26:53.984251,https://ar.computrabajo.com/empleos-en-capital-federal,1
6afc79e5b084a386,https://ar.computrabajo.com/ofertas-de-trabajo/oferta-de-trabajo-de-product-owner-orientacion-en-marketing-ingles-avanzado-en-san-nicolas-7E987C1E7127E27C61373E686DCF3405,Product Owner – orientación en Marketing (inglés avanzado),posted|wp_id=35011|https://argentina.mimusjobs.com/job/product-owner-orientacion-en-marketing-ingles-avanzado-4/,2026-09-27T15:27:02.374715,https://ar.computrabajo.com/empleos-en-capital-federal,1
42107093d10954b2,https://ar.computrabajo.com/ofertas-de-trabajo/oferta-de-trabajo-de-administrativoa-contable-villa-devoto-en-villa-devoto-83E4C63AC5FE977961373E686DCF3405,Administrativo/a contable - Villa Devoto,posted|wp_id=22119|https://argentina.mimusjobs.com/job/administrativo-a-contable-villa-devoto/,2026-09-27T15:27:05.121583,https://ar.computrabajo.com/empleos-en-capital-federal,1
60629f9de1c9cd9a,https://ar.computrabajo.com/ofertas-de-trabajo/oferta-de-trabajo-de-836bu-tecnico-de-mantenimiento-turno-noche-frigorifico-barracas-en-barracas-B0E68F85411D765761373E686DCF3405,"836BU Técnico de mantenimiento, Turno Noche, Frigorífico, Barracas",posted|wp_id=35013|https://argentina.mimusjobs.com/job/836bu-tecnico-de-mantenimiento-turno-noche-frigorifico-barracas-4/,2026-09-27T15:27:11.012773,https://ar.computrabajo.com/empleos-en-capital-federal,2
2a345abe61c54e10,https://ar.computrabajo.com/ofertas-de-trabajo/oferta-de-trabajo-de-comis-en-puerto-madero-C26742613720B54B61373E686DCF3405,Comis,posted|wp_id=22126|https://argentina.mimusjobs.com/job/comis/,2026-09-27T15:27:16.671969,https://ar.computrabajo.com/empleos-en-capital-federal,2
bf7d42f0e2770bac,https://ar.computrabajo.com/ofertas-de-trabajo/oferta-de-trabajo-de-oficial-multiple-mantenimiento-integral-y-obras-en-saavedra-50D6992C86D5EEAF61373E686DCF3405,Oficial Múltiple - (Mantenimiento Integral y Obras),posted|wp_id=35016|https://argentina.mimusjobs.com/job/oficial-multiple-mantenimiento-integral-y-obras-4/,2026-09-27T15:27:21.535529,https://ar.computrabajo.com/empleos-en-capital-federal,2
420a950ff7e103cf,https://ar.computrabajo.com/ofertas-de-trabajo/oferta-de-trabajo-de-captador-de-fondos-para-importante-ong-en-san-nicolas-D2F0C96865BB517861373E686DCF3405,Captador de fondos para Importante ONG,posted|wp_id=22131|https://argentina.mimusjobs.com/job/captador-de-fondos-para-importante-ong/,2026-09-27T15:27:25.022186,https://ar.computrabajo.com/empleos-en-capital-federal,2
00d57f32d9eae0c7,https://ar.computrabajo.com/ofertas-de-trabajo/oferta-de-trabajo-de-operador-telefonico-trilingue-espanol-portugues-ingles-en-monserrat-1C35E0AA1F06A73061373E686DCF3405,"Operador Telefónico Trilingüe - (Español, Portugués, Inglés)",posted|wp_id=35018|https://argentina.mimusjobs.com/job/operador-telefonico-trilingue-espanol-portugues-ingles-4/,2026-09-27T15:27:30.788011,https://ar.computrabajo.com/empleos-en-capital-federal,2
5e0047fa19d29437,https://ar.computrabajo.com/ofertas-de-trabajo/oferta-de-trabajo-de-consultor-sap-sd-importante-empresa-de-tecnologia-en-san-nicolas-69C14A23CDBD073561373E686DCF3405,Consultor SAP SD - Importante empresa de tecnología,posted|wp_id=35022|https://argentina.mimusjobs.com/job/consultor-sap-sd-importante-empresa-de-tecnologia-4/,2026-09-27T15:27:38.272513,https://ar.computrabajo.com/empleos-en-capital-federal,2
0e685b59c70154f7,https://ar.computrabajo.com/ofertas-de-trabajo/oferta-de-trabajo-de-agentes-de-propaganda-medica-zona-caba-y-amba-en-recoleta-A9C4108B17CA49BD61373E686DCF3405,Agentes de Propaganda Médica - Zona: CABA y AMBA,posted|wp_id=35023|https://argentina.mimusjobs.com/job/agentes-de-propaganda-medica-zona-caba-y-amba-4/,2026-09-27T15:27:42.409415,https://ar.computrabajo.com/empleos-en-capital-federal,2
c2bfc64f11f9f0ed,https://ar.computrabajo.com/ofertas-de-trabajo/oferta-de-trabajo-de-482bu-lic-en-medio-ambienteeventualmultinacionalburzaco-zona-sur-gba-en-belgrano-9ED4FE7232459C0461373E686DCF3405,"482BU/ Lic. en medio ambiente/eventual/multinacional/Burzaco, zona sur GBA",posted|wp_id=22146|https://argentina.mimusjobs.com/job/482bu-lic-en-medio-ambiente-eventual-multinacional-burzaco-zona-sur-gba/,2026-09-27T15:27:45.192903,https://ar.computrabajo.com/empleos-en-capital-federal,2
e25cc4625c0a84ee,https://ar.computrabajo.com/ofertas-de-trabajo/oferta-de-trabajo-de-pizzeroa-en-puerto-madero-F0591F040BE7CD7A61373E686DCF3405,Pizzero/a,posted|wp_id=18445|https://argentina.mimusjobs.com/job/pizzero-a/,2026-09-27T15:27:51.456147,https://ar.computrabajo.com/empleos-en-capital-federal,2
7d75e04b6696cd02,https://ar.computrabajo.com/ofertas-de-trabajo/oferta-de-trabajo-de-ayudante-de-oficial-multiple-mantenimiento-integral-y-obras-en-saavedra-AB9BF14E4A5A09CB61373E686DCF3405,Ayudante de Oficial Múltiple - (Mantenimiento Integral y Obras),posted|wp_id=35026|https://argentina.mimusjobs.com/job/ayudante-de-oficial-multiple-mantenimiento-integral-y-obras-6/,2026-09-27T15:27:55.989438,https://ar.computrabajo.com/empleos-en-capital-federal,2
91218b99bbb65ef5,https://ar.computrabajo.com/ofertas-de-trabajo/oferta-de-trabajo-de-tecnico-mantenimiento-productivo-chacarita-caba-en-chacarita-C070D68EE987753461373E686DCF3405,"Técnico Mantenimiento Productivo / Chacarita, Caba",posted|wp_id=35028|https://argentina.mimusjobs.com/job/tecnico-mantenimiento-productivo-chacarita-caba-6/,2026-09-27T15:28:01.358323,https://ar.computrabajo.com/empleos-en-capital-federal,2
d34551743899a892,https://ar.computrabajo.com/ofertas-de-trabajo/oferta-de-trabajo-de-contadora-liquidacion-de-impuestos-z-parque-patricios-en-parque-patricios-52DECD41AFD225B161373E686DCF3405,Contador/a ( liquidacion de Impuestos) - z/ Parque Patricios,posted|wp_id=22144|https://argentina.mimusjobs.com/job/contador-a-liquidacion-de-impuestos-z-parque-patricios/,2026-09-27T15:28:04.902087,https://ar.computrabajo.com/empleos-en-capital-federal,2
cd697d7825a230fa,https://ar.computrabajo.com/ofertas-de-trabajo/oferta-de-trabajo-de-analista-contable-sr-zona-villa-devoto-en-recoleta-A77EB1533C021F1461373E686DCF3405,Analista Contable SR. Zona Villa Devoto,posted|wp_id=22150|https://argentina.mimusjobs.com/job/analista-contable-sr-zona-villa-devoto/,2026-09-27T15:28:08.195918,https://ar.computrabajo.com/empleos-en-capital-federal,2
daa9264dec1579e9,https://ar.computrabajo.com/ofertas-de-trabajo/oferta-de-trabajo-de-asesor-telefonico-de-postventa-y-retencion-en-monserrat-085495F013D7022C61373E686DCF3405,Asesor Telefónico de Postventa y Retención,posted|wp_id=35030|https://argentina.mimusjobs.com/job/asesor-telefonico-de-postventa-y-retencion-6/,2026-09-27T15:28:16.558330,https://ar.computrabajo.com/empleos-en-capital-federal,2
24218757cc1f2067,https://ar.computrabajo.com/ofertas-de-trabajo/oferta-de-trabajo-de-telemarketer-en-retiro-BAB513327B5A32FE61373E686DCF3405,Telemarketer,posted|wp_id=12244|https://argentina.mimusjobs.com/job/telemarketer/,2026-09-27T15:28:19.060409,https://ar.computrabajo.com/empleos-en-capital-federal,2
095948ae32a3125c,https://ar.computrabajo.com/ofertas-de-trabajo/oferta-de-trabajo-de-recepcionista-de-eventos-eventual-en-puerto-madero-F82B04018BB56F2661373E686DCF3405,Recepcionista de eventos - Eventual,posted|wp_id=22156|https://argentina.mimusjobs.com/job/recepcionista-de-eventos-eventual/,2026-09-27T15:28:21.614406,https://ar.computrabajo.com/empleos-en-capital-federal,2
3a0f882f010c7923,https://ar.computrabajo.com/ofertas-de-trabajo/oferta-de-trabajo-de-bartender-fulltime-en-puerto-madero-7681CAE73DB08F8761373E686DCF3405,Bartender - Fulltime,posted|wp_id=22160|https://argentina.mimusjobs.com/job/bartender-fulltime/,2026-09-27T15:28:27.136510,https://ar.computrabajo.com/empleos-en-capital-federal,2
cec1598ae16c9ead,https://ar.computrabajo.com/ofertas-de-trabajo/oferta-de-trabajo-de-desarrollo-comercial-automotriz-sumate-al-equipo-con-mayores-comisiones-de-caba-en-san-nicolas-F3443288FFD351E861373E686DCF3405,Desarrollo Comercial Automotriz: Sumate al Equipo con Mayores Comisiones de CABA,posted|wp_id=22164|https://argentina.mimusjobs.com/job/desarrollo-comercial-automotriz-sumate-al-equipo-con-mayores-comisiones-de-caba/,2026-09-27T15:28:29.788575,https://ar.computrabajo.com/empleos-en-capital-federal,2
3984b09161a43192,https://ar.computrabajo.com/ofertas-de-trabajo/oferta-de-trabajo-de-gate-controller-en-retiro-2AB6EA8595F9A3FB61373E686DCF3405,Gate Controller,posted|wp_id=22165|https://argentina.mimusjobs.com/job/gate-controller/,2026-09-27T15:28:32.134992,https://ar.computrabajo.com/empleos-en-capital-federal,2
303a00d7eedfbcf4,https://ar.computrabajo.com/ofertas-de-trabajo/oferta-de-trabajo-de-ingreso-hoy-peon-de-cocina--con-certificado-de-manipulacion-de-alimentos-vigente-excluyente-en-almagro-A524C73231AD140961373E686DCF3405,Ingreso Hoy/ Peón de Cocina / Con Certificado de Manipulación de Alimentos Vigente (Excluyente),posted|wp_id=35034|https://argentina.mimusjobs.com/job/ingreso-hoy-peon-de-cocina-con-certificado-de-manipulacion-de-alimentos-vigente-excluyente-6/,2026-09-27T15:28:38.086456,https://ar.computrabajo.com/empleos-en-capital-federal,2
1c5464ca1649c332,https://ar.computrabajo.com/ofertas-de-trabajo/oferta-de-trabajo-de-si-tenes-experiencia-como-telemarketer-postulate-aca-en-san-nicolas-04A39E691CFD951A61373E686DCF3405,"Si tenes experiencia como Telemarketer, Postulate acá!",posted|wp_id=35036|https://argentina.mimusjobs.com/job/si-tenes-experiencia-como-telemarketer-postulate-aca-6/,2026-09-27T15:28:44.039013,https://ar.computrabajo.com/empleos-en-capital-federal,3
201f275cc06f9f97,https://ar.computrabajo.com/ofertas-de-trabajo/oferta-de-trabajo-de-lider-de-migracion-de-datos-sap-s4hana-rise-en-san-nicolas-BEE906B24965426F61373E686DCF3405,Líder de Migración de Datos – SAP S/4HANA (RISE),posted|wp_id=35040|https://argentina.mimusjobs.com/job/lider-de-migracion-de-datos-sap-s-4hana-rise-6/,2026-09-27T15:28:52.338664,https://ar.computrabajo.com/empleos-en-capital-federal,3
e1df8c83bf342415,https://ar.computrabajo.com/ofertas-de-trabajo/oferta-de-trabajo-de-tecnico-electromecanico-full-time-san-telmo-en-san-telmo-B91BBEA958CB5FA261373E686DCF3405,Tecnico Electromecanico - full time San Telmo,posted|wp_id=22169|https://argentina.mimusjobs.com/job/tecnico-electromecanico-full-time-san-telmo/,2026-09-27T15:28:55.271282,https://ar.computrabajo.com/empleos-en-capital-federal,3
65998dd4e67e115c,https://ar.computrabajo.com/ofertas-de-trabajo/oferta-de-trabajo-de-analista-sr-en-atraccion-de-talento-en-barracas-1174BDADE222330061373E686DCF3405,Analista Sr. en Atracción de Talento,posted|wp_id=35042|https://argentina.mimusjobs.com/job/analista-sr-en-atraccion-de-talento-6/,2026-09-27T15:28:59.660184,https://ar.computrabajo.com/empleos-en-capital-federal,3
ec1fce2aaaa16c38,https://ar.computrabajo.com/ofertas-de-trabajo/oferta-de-trabajo-de-importante-restaurante-de-palermo-busca-mozo-de-barra-en-palermo-04B80D716707BB8D61373E686DCF3405,importante restaurante de palermo busca mozo de barra,posted|wp_id=31663|https://argentina.mimusjobs.com/job/importante-restaurante-de-palermo-busca-mozo-de-barra/,2026-09-27T15:29:03.231811,https://ar.computrabajo.com/empleos-en-capital-federal,3
88c7c8c548d100c7,https://ar.computrabajo.com/ofertas-de-trabajo/oferta-de-trabajo-de-camareroa-de-eventos-eventual-en-puerto-madero-25B188C6089574F561373E686DCF3405,Camarero/a de eventos - Eventual,posted|wp_id=22179|https://argentina.mimusjobs.com/job/camarero-a-de-eventos-eventual/,2026-09-27T15:29:05.922673,https://ar.computrabajo.com/empleos-en-capital-federal,3
c0da3d9c6c31aa7b,https://ar.computrabajo.com/ofertas-de-trabajo/oferta-de-trabajo-de-vendedores-y-comerciales-automotriz-sumate-a-la-marca-lider-de-caba-en-san-nicolas-91544FB0B9FD558061373E686DCF3405,Vendedores y Comerciales Automotriz: Sumate a la Marca Líder de CABA,posted|wp_id=35044|https://argentina.mimusjobs.com/job/vendedores-y-comerciales-automotriz-sumate-a-la-marca-lider-de-caba-7/,2026-09-27T15:29:11.102822,https://ar.computrabajo.com/empleos-en-capital-federal,3
18e0397a7ae24e12,https://ar.computrabajo.com/ofertas-de-trabajo/oferta-de-trabajo-de-tecnico-multidisciplinario-diurno-en-constitucion-FC494AFC9ABA84EB61373E686DCF3405,Técnico Multidisciplinario - Diurno,posted|wp_id=35045|https://argentina.mimusjobs.com/job/tecnico-multidisciplinario-diurno-10/,2026-09-27T15:29:16.002207,https://ar.computrabajo.com/empleos-en-capital-federal,3
7e1d92349a6e0cd6,https://ar.computrabajo.com/ofertas-de-trabajo/oferta-de-trabajo-de-buscamos-asesores-comerciales-telefonicos-en-san-nicolas-685022C4FAD80A4761373E686DCF3405,Buscamos Asesores Comerciales Telefónicos,posted|wp_id=35047|https://argentina.mimusjobs.com/job/buscamos-asesores-comerciales-telefonicos-7/,2026-09-27T15:29:22.182235,https://ar.computrabajo.com/empleos-en-capital-federal,3
79098f0f48b0f349,https://ar.computrabajo.com/ofertas-de-trabajo/oferta-de-trabajo-de-sap-cap-fullstack-developer-senior-en-san-nicolas-7AE38847034D997361373E686DCF3405,SAP CAP Fullstack Developer Senior,posted|wp_id=22193|https://argentina.mimusjobs.com/job/sap-cap-fullstack-developer-senior/,2026-09-27T15:29:28.250197,https://ar.computrabajo.com/empleos-en-capital-federal,3
ba39d0114bf016ab,https://ar.computrabajo.com/ofertas-de-trabajo/oferta-de-trabajo-de-bartender-eventual-en-puerto-madero-52C743157908A4B261373E686DCF3405,Bartender - Eventual,posted|wp_id=22195|https://argentina.mimusjobs.com/job/bartender-eventual/,2026-09-27T15:29:31.219910,https://ar.computrabajo.com/empleos-en-capital-federal,3
b5f87c275b76a944,https://ar.computrabajo.com/ofertas-de-trabajo/oferta-de-trabajo-de-referente-de-mucamoas-eventual-en-recoleta-A8ABDE776E1DD35F61373E686DCF3405,Referente de mucamo/as - eventual,posted|wp_id=22200|https://argentina.mimusjobs.com/job/referente-de-mucamo-as-eventual/,2026-09-27T15:29:33.863491,https://ar.computrabajo.com/empleos-en-capital-federal,3
bbf6ec3d01f5d50d,https://ar.computrabajo.com/ofertas-de-trabajo/oferta-de-trabajo-de-gerente-de-unidad-de-negocio-fulltime-en-puerto-madero-503F8F9B1F5FA3C061373E686DCF3405,Gerente de unidad de negocio - Fulltime,posted|wp_id=22199|https://argentina.mimusjobs.com/job/gerente-de-unidad-de-negocio-fulltime/,2026-09-27T15:29:39.810931,https://ar.computrabajo.com/empleos-en-capital-federal,3
e6d8ebd6eb45911d,https://ar.computrabajo.com/ofertas-de-trabajo/oferta-de-trabajo-de-captador-de-fondos-ong-techo-part-time-caba-en-palermo-12ED7298A4E671C761373E686DCF3405,"Captador/ de Fondos ONG Techo - Part time, Caba",posted|wp_id=21746|https://argentina.mimusjobs.com/job/captador-de-fondos-ong-techo-part-time-caba/,2026-09-27T15:29:44.299057,https://ar.computrabajo.com/empleos-en-capital-federal,3
6372f5afdbdfcf55,https://ar.computrabajo.com/ofertas-de-trabajo/oferta-de-trabajo-de-buscamos-perfil-competitivo-y-de-alto-rendimiento-desarrollo-comercial-automotriz-en-san-nicolas-C57ED0F5092F0CEC61373E686DCF3405,Buscamos Perfil Competitivo y de Alto Rendimiento - Desarrollo Comercial Automotriz,posted|wp_id=35055|https://argentina.mimusjobs.com/job/buscamos-perfil-competitivo-y-de-alto-rendimiento-desarrollo-comercial-automotriz-7/,2026-09-27T15:29:48.852578,https://ar.computrabajo.com/empleos-en-capital-federal,3
891f27a83f7d0021,https://ar.computrabajo.com/ofertas-de-trabajo/oferta-de-trabajo-de-referente-comercial-de-campo-en-parque-patricios-303394ED4C23922D61373E686DCF3405,Referente comercial de campo,posted|wp_id=22207|https://argentina.mimusjobs.com/job/referente-comercial-de-campo/,2026-09-27T15:29:53.662307,https://ar.computrabajo.com/empleos-en-capital-federal,3
ae8a4220a18e08b6,https://ar.computrabajo.com/ofertas-de-trabajo/oferta-de-trabajo-de-vendedor-telefonico-para-importante-banco-en-san-nicolas-E6E22D6B53BD503361373E686DCF3405,Vendedor telefónico para importante Banco,posted|wp_id=35059|https://argentina.mimusjobs.com/job/vendedor-telefonico-para-importante-banco-7/,2026-09-27T15:29:58.959553,https://ar.computrabajo.com/empleos-en-capital-federal,3
e57e24a46b3e2777,https://ar.computrabajo.com/ofertas-de-trabajo/oferta-de-trabajo-de-preparacion-y-entrega-de-motos-0km-san-isidro-en-barracas-41D78C3B3F4EAF8861373E686DCF3405,Preparación y Entrega de Motos 0km – San Isidro,posted|wp_id=35060|https://argentina.mimusjobs.com/job/preparacion-y-entrega-de-motos-0km-san-isidro-7/,2026-09-27T15:30:02.722750,https://ar.computrabajo.com/empleos-en-capital-federal,3
e163f135f0b27d21,https://ar.computrabajo.com/ofertas-de-trabajo/oferta-de-trabajo-de-consultor-sap-pm-senior-en-san-nicolas-9C5CEE1C3FB30C7B61373E686DCF3405,Consultor SAP PM Senior,posted|wp_id=22215|https://argentina.mimusjobs.com/job/consultor-sap-pm-senior/,2026-09-27T15:30:07.858909,https://ar.computrabajo.com/empleos-en-capital-federal,3
1282b7319e72f174,https://ar.computrabajo.com/ofertas-de-trabajo/oferta-de-trabajo-de-asesor-comercial-inmobiliario-en-caballito-752D85981C2012DB61373E686DCF3405,Asesor Comercial Inmobiliario,posted|wp_id=15440|https://argentina.mimusjobs.com/job/asesor-comercial-inmobiliario/,2026-09-27T15:30:11.092231,https://ar.computrabajo.com/empleos-en-capital-federal,3
864fae857b045fe2,https://ar.computrabajo.com/ofertas-de-trabajo/oferta-de-trabajo-de-vigilador-general-zona-caba-en-velez-sarsfield-C751C25401ACE23661373E686DCF3405,Vigilador General Zona CABA,posted|wp_id=22222|https://argentina.mimusjobs.com/job/vigilador-general-zona-caba/,2026-09-27T15:30:13.860385,https://ar.computrabajo.com/empleos-en-capital-federal,4
ecf5c831fe26ef42,https://ar.computrabajo.com/ofertas-de-trabajo/oferta-de-trabajo-de-auxiliar-de-despensa-olivos-en-belgrano-E083FCBBD6D6EB8461373E686DCF3405,Auxiliar de despensa - Olivos,posted|wp_id=22216|https://argentina.mimusjobs.com/job/auxiliar-de-despensa-olivos/,2026-09-27T15:30:16.798419,https://ar.computrabajo.com/empleos-en-capital-federal,4
06488ba79a0e2526,https://ar.computrabajo.com/ofertas-de-trabajo/oferta-de-trabajo-de-operarioa-de-produccion-rubro-alimenticio-en-palermo-7CBB1F424B54DD9461373E686DCF3405,Operario/a de Producción - Rubro Alimenticio,posted|wp_id=35064|https://argentina.mimusjobs.com/job/operario-a-de-produccion-rubro-alimenticio-7/,2026-09-27T15:30:23.655394,https://ar.computrabajo.com/empleos-en-capital-federal,4
64912e12bc777d0b,https://ar.computrabajo.com/ofertas-de-trabajo/oferta-de-trabajo-de-encargado-de-area-caba-en-villa-ortuzar-49D24889D705D16861373E686DCF3405,Encargado de área CABA,posted|wp_id=35066|https://argentina.mimusjobs.com/job/encargado-de-area-caba-7/,2026-09-27T15:30:30.576097,https://ar.computrabajo.com/empleos-en-capital-federal,4
65fea8c12f0b669b,https://ar.computrabajo.com/ofertas-de-trabajo/oferta-de-trabajo-de-cocineroa-produccion-y-eventos-en-barracas-F6BDB56DDEF9A51961373E686DCF3405,Cocinero/a - Producción y eventos,posted|wp_id=35068|https://argentina.mimusjobs.com/job/cocinero-a-produccion-y-eventos-7/,2026-09-27T15:30:35.174262,https://ar.computrabajo.com/empleos-en-capital-federal,4
e27425e1df4f3877,https://ar.computrabajo.com/ofertas-de-trabajo/oferta-de-trabajo-de-gestion-administrativa-de-internaciones-turno-tarde-en-recoleta-580541E0F825196C61373E686DCF3405,Gestión administrativa de internaciones - Turno Tarde,posted|wp_id=35069|https://argentina.mimusjobs.com/job/gestion-administrativa-de-internaciones-turno-tarde-7/,2026-09-27T15:30:39.091269,https://ar.computrabajo.com/empleos-en-capital-federal,4
f9a604c4a2a46ebc,https://ar.computrabajo.com/ofertas-de-trabajo/oferta-de-trabajo-de-gerente-de-desarrollo-de-negocios-empero-en-recoleta-C08296F323A5BAC561373E686DCF3405,Gerente de desarrollo de negocios - Empero,posted|wp_id=22234|https://argentina.mimusjobs.com/job/gerente-de-desarrollo-de-negocios-empero/,2026-09-27T15:30:41.922320,https://ar.computrabajo.com/empleos-en-capital-federal,4
6611293190290b17,https://ar.computrabajo.com/ofertas-de-trabajo/oferta-de-trabajo-de-tecnico-electromecanico-junior-para-obras-y-o-mantenimiento-en-boedo-9D8F01B7C2B596FB61373E686DCF3405,Técnico electromecánico Junior - para Obras y o Mantenimiento,posted|wp_id=35070|https://argentina.mimusjobs.com/job/tecnico-electromecanico-junior-para-obras-y-o-mantenimiento-6/,2026-09-27T15:30:47.102866,https://ar.computrabajo.com/empleos-en-capital-federal,4
024f58ca69a4f428,https://ar.computrabajo.com/ofertas-de-trabajo/oferta-de-trabajo-de-ejecutiva-de-ventas-vendedora-de-maquinas-para-la-gastronomia-en-caballito-E53D656C8203802261373E686DCF3405,Ejecutiva de Ventas - Vendedora de maquinas para la gastronomía,posted|wp_id=35071|https://argentina.mimusjobs.com/job/ejecutiva-de-ventas-vendedora-de-maquinas-para-la-gastronomia-6/,2026-09-27T15:30:51.503891,https://ar.computrabajo.com/empleos-en-capital-federal,4
5ba896c931430e49,https://ar.computrabajo.com/ofertas-de-trabajo/oferta-de-trabajo-de-ejecutivo-de-ventas-b2b-part-time-zona-belgrano-caba-en-belgrano-475FDD2B4C038F2B61373E686DCF3405,Ejecutivo de Ventas B2B Part Time - Zona Belgrano CABA,posted|wp_id=22237|https://argentina.mimusjobs.com/job/ejecutivo-de-ventas-b2b-part-time-zona-belgrano-caba/,2026-09-27T15:30:54.771465,https://ar.computrabajo.com/empleos-en-capital-federal,4
ac7acd489cdac658,https://ar.computrabajo.com/ofertas-de-trabajo/oferta-de-trabajo-de-vendedor-oficial-peugeot-b-en-caballito-A175A5840EDC6C0761373E686DCF3405,Vendedor Oficial Peugeot B,posted|wp_id=22252|https://argentina.mimusjobs.com/job/vendedor-oficial-peugeot-b/,2026-09-27T15:30:57.696522,https://ar.computrabajo.com/empleos-en-capital-federal,4
5f90790192179ddd,https://ar.computrabajo.com/ofertas-de-trabajo/oferta-de-trabajo-de-jefe-de-cocina-con-2-anos-minimo-de-experiencia-en-palermo-2A5D950794B9342561373E686DCF3405,Jefe de Cocina - Con 2 años Minimo de Experiencia,posted|wp_id=35073|https://argentina.mimusjobs.com/job/jefe-de-cocina-con-2-anos-minimo-de-experiencia-7/,2026-09-27T15:31:04.532970,https://ar.computrabajo.com/empleos-en-capital-federal,4
28ea5c4556bd3d51,https://ar.computrabajo.com/ofertas-de-trabajo/oferta-de-trabajo-de-ayudante-de-cocina-turno-noche-en-villa-crespo-A85E8ED0D511CBB161373E686DCF3405,ayudante de cocina - Turno noche,posted|wp_id=20877|https://argentina.mimusjobs.com/job/ayudante-de-cocina-turno-noche/,2026-09-27T15:31:07.469023,https://ar.computrabajo.com/empleos-en-capital-federal,4
c5ba29cd7f8abab7,https://ar.computrabajo.com/ofertas-de-trabajo/oferta-de-trabajo-de-asesores-comerciales-con-alta-fluidez-verbal-rubro-automotriz-en-san-nicolas-5F7483F540645CF261373E686DCF3405,Asesores Comerciales con Alta Fluidez Verbal: - Rubro Automotriz,posted|wp_id=22251|https://argentina.mimusjobs.com/job/asesores-comerciales-con-alta-fluidez-verbal-rubro-automotriz/,2026-09-27T15:31:09.938563,https://ar.computrabajo.com/empleos-en-capital-federal,4
118cd74c3cef16be,https://ar.computrabajo.com/ofertas-de-trabajo/oferta-de-trabajo-de-fundraiser-para-captacion-de-socios-para-ong-techo-part-time-caba-en-belgrano-181417E6FE6D61DC61373E686DCF3405,"Fundraiser para Captación de socios para ONG Techo - Part time, Caba",posted|wp_id=35077|https://argentina.mimusjobs.com/job/fundraiser-para-captacion-de-socios-para-ong-techo-part-time-caba-6/,2026-09-27T15:31:18.422193,https://ar.computrabajo.com/empleos-en-capital-federal,4
3cda82eed8bae6ef,https://ar.computrabajo.com/ofertas-de-trabajo/oferta-de-trabajo-de-medico-a-domicilio-en-caba-en-recoleta-A144916EA359AE2B61373E686DCF3405,Medico - a Domicilio en CABA,posted|wp_id=26627|https://argentina.mimusjobs.com/job/medico-a-domicilio-en-caba/,2026-09-27T15:31:22.029396,https://ar.computrabajo.com/empleos-en-capital-federal,4
828f09678394479d,https://ar.computrabajo.com/ofertas-de-trabajo/oferta-de-trabajo-de-operarios-de-produccion-rubro-plastico-zona-villa-lugano-caba-en-caballito-D328AB40AF168BBD61373E686DCF3405,Operarios de Producción rubro Plástico,posted|wp_id=35079|https://argentina.mimusjobs.com/job/operarios-de-produccion-rubro-plastico-6/,2026-09-27T15:31:28.768650,https://ar.computrabajo.com/empleos-en-capital-federal,4
266c0aa169f475c9,https://ar.computrabajo.com/ofertas-de-trabajo/oferta-de-trabajo-de-barista-para-cafeteria-en-colegiales-EAACABE8D235342F61373E686DCF3405,Barista para Cafetería,posted|wp_id=35080|https://argentina.mimusjobs.com/job/barista-para-cafeteria-9/,2026-09-27T15:31:33.547102,https://ar.computrabajo.com/empleos-en-capital-federal,4
b404fdd0f5ec3c9a,https://ar.computrabajo.com/ofertas-de-trabajo/oferta-de-trabajo-de-bartender-jefe-de-barra-en-caballito-E3DBE472E08CF2F961373E686DCF3405,Bartender/ Jefe de barra,posted|wp_id=22342|https://argentina.mimusjobs.com/job/bartender-jefe-de-barra/,2026-09-27T15:31:37.150476,https://ar.computrabajo.com/empleos-en-capital-federal,4
b174b000b614c7ed,https://ar.computrabajo.com/ofertas-de-trabajo/oferta-de-trabajo-de-gerente-de-local-gastronomico-en-recoleta-F8798AF69561EB9561373E686DCF3405,Gerente de local - Gastronómico,posted|wp_id=35081|https://argentina.mimusjobs.com/job/gerente-de-local-gastronomico-6/,2026-09-27T15:31:41.798802,https://ar.computrabajo.com/empleos-en-capital-federal,5
e218c6be07901072,https://ar.computrabajo.com/ofertas-de-trabajo/oferta-de-trabajo-de-agente-de-televentas-b2c-telecomunicaciones-en-parque-patricios-C3C4C724269A803661373E686DCF3405,Agente de Televentas B2C - Telecomunicaciones,posted|wp_id=26617|https://argentina.mimusjobs.com/job/agente-de-televentas-b2c-telecomunicaciones/,2026-09-27T15:31:47.426848,https://ar.computrabajo.com/empleos-en-capital-federal,5
12fda92be592d091,https://ar.computrabajo.com/ofertas-de-trabajo/oferta-de-trabajo-de-ejecutivo-comercial-en-retiro-C9BE47B98E88AB5361373E686DCF3405,Ejecutivo Comercial,posted|wp_id=8692|https://argentina.mimusjobs.com/job/ejecutivo-comercial/,2026-09-27T15:31:50.210422,https://ar.computrabajo.com/empleos-en-capital-federal,5
fc2430b09fb1fcba,https://ar.computrabajo.com/ofertas-de-trabajo/oferta-de-trabajo-de-supervisor-tecnico-integrado-diurno-emergencias-en-monserrat-13ECAB4A0C58E2AE61373E686DCF3405,Supervisor Técnico Integrado - Diurno + emergencias,posted|wp_id=35084|https://argentina.mimusjobs.com/job/supervisor-tecnico-integrado-diurno-emergencias-7/,2026-09-27T15:31:54.642351,https://ar.computrabajo.com/empleos-en-capital-federal,5
f65bec2ee4a6175a,https://ar.computrabajo.com/ofertas-de-trabajo/oferta-de-trabajo-de-asesora-comercial-convencional-villa-devoto-concesionaria-chery-en-villa-devoto-C9A08090CC1F891961373E686DCF3405,Asesor/a Comercial Convencional / Villa Devoto - Concesionaria Chery,posted|wp_id=22248|https://argentina.mimusjobs.com/job/asesor-a-comercial-convencional-villa-devoto-concesionaria-chery/,2026-09-27T15:31:58.372718,https://ar.computrabajo.com/empleos-en-capital-federal,5
cc11bca52e2168d7,https://ar.computrabajo.com/ofertas-de-trabajo/oferta-de-trabajo-de-gerente-de-administracion-de-siniestros-en-san-nicolas-B8152263FF29977561373E686DCF3405,Gerente de Administración de Siniestros,posted|wp_id=35085|https://argentina.mimusjobs.com/job/gerente-de-administracion-de-siniestros-7/,2026-09-27T15:32:02.832616,https://ar.computrabajo.com/empleos-en-capital-federal,5
fae280b557e42773,https://ar.computrabajo.com/ofertas-de-trabajo/oferta-de-trabajo-de-buscamos-operador-telefonico-en-san-nicolas-E86980E822D4587161373E686DCF3405,Búscamos operador telefónico,posted|wp_id=35087|https://argentina.mimusjobs.com/job/buscamos-operador-telefonico-7/,2026-09-27T15:32:09.444152,https://ar.computrabajo.com/empleos-en-capital-federal,5
426bec6c540ee599,https://ar.computrabajo.com/ofertas-de-trabajo/oferta-de-trabajo-de-operario-canista-parque-patricios-caba-en-parque-patricios-5E97E78910AE3B4061373E686DCF3405,"Operario cañista - Parque Patricios, CABA",posted|wp_id=35089|https://argentina.mimusjobs.com/job/operario-canista-parque-patricios-caba-6/,2026-09-27T15:32:15.433642,https://ar.computrabajo.com/empleos-en-capital-federal,5
adbfbee85e849a48,https://ar.computrabajo.com/ofertas-de-trabajo/oferta-de-trabajo-de-agente-comercial-inmobiliario-en-villa-crespo-06119DF3732B6BBD61373E686DCF3405,Agente Comercial Inmobiliario,posted|wp_id=22260|https://argentina.mimusjobs.com/job/agente-comercial-inmobiliario/,2026-09-27T15:32:17.932764,https://ar.computrabajo.com/empleos-en-capital-federal,5
96d79e8a435ccb63,https://ar.computrabajo.com/ofertas-de-trabajo/oferta-de-trabajo-de-pastelero-con-experiencia-para-servicio-de-alimentacion-en-recoleta-caba-en-recoleta-B8E7026CB2AD7B6361373E686DCF3405,"Pastelero - con experiencia - Para servicio de alimentación en Recoleta, CABA",posted|wp_id=35091|https://argentina.mimusjobs.com/job/pastelero-con-experiencia-para-servicio-de-alimentacion-en-recoleta-caba-6/,2026-09-27T15:32:24.633244,https://ar.computrabajo.com/empleos-en-capital-federal,5
534d33b0f64f532e,https://ar.computrabajo.com/ofertas-de-trabajo/oferta-de-trabajo-de-vigilador-cooperativa-de-seguridad-en-san-nicolas-642227A3A1917A1A61373E686DCF3405,Vigilador / Cooperativa de Seguridad,posted|wp_id=22271|https://argentina.mimusjobs.com/job/vigilador-cooperativa-de-seguridad/,2026-09-27T15:32:27.400658,https://ar.computrabajo.com/empleos-en-capital-federal,5
5a456e393b4d1832,https://ar.computrabajo.com/ofertas-de-trabajo/oferta-de-trabajo-de-operaria-de-maestranza-en-velez-sarsfield-E72799FD8F9584C061373E686DCF3405,Operaria de Maestranza,posted|wp_id=22273|https://argentina.mimusjobs.com/job/operaria-de-maestranza/,2026-09-27T15:32:30.630959,https://ar.computrabajo.com/empleos-en-capital-federal,5
3bff03e0752c0546,https://ar.computrabajo.com/ofertas-de-trabajo/oferta-de-trabajo-de-analista-de-marketing-senior-en-villa-crespo-0D72EFDE5862BE0761373E686DCF3405,Analista de Marketing Senior,posted|wp_id=22276|https://argentina.mimusjobs.com/job/analista-de-marketing-senior/,2026-09-27T15:32:33.599177,https://ar.computrabajo.com/empleos-en-capital-federal,5
3ec36a024e0bdc18,https://ar.computrabajo.com/ofertas-de-trabajo/oferta-de-trabajo-de-vendedor-en-barracas-59E355E945DC62DB61373E686DCF3405,Vendedor,posted|wp_id=2434|https://argentina.mimusjobs.com/job/vendedor/,2026-09-27T15:32:36.341745,https://ar.computrabajo.com/empleos-en-capital-federal,5
7bf020a13ff18147,https://ar.computrabajo.com/ofertas-de-trabajo/oferta-de-trabajo-de-tecnico-de-sala-de-control-bms-caba-en-san-nicolas-D38A73F7F6AD3AB761373E686DCF3405,Tecnico de sala de control BMS - Caba,posted|wp_id=22270|https://argentina.mimusjobs.com/job/tecnico-de-sala-de-control-bms-caba/,2026-09-27T15:32:39.492123,https://ar.computrabajo.com/empleos-en-capital-federal,5
a4140b9f2484ee65,https://ar.computrabajo.com/ofertas-de-trabajo/oferta-de-trabajo-de-oeprario-de-empaque-alimenticio-en-palermo-C8F64C44E69E780661373E686DCF3405,Oeprario de Empaque - Alimenticio,posted|wp_id=22285|https://argentina.mimusjobs.com/job/oeprario-de-empaque-alimenticio/,2026-09-27T15:32:42.372484,https://ar.computrabajo.com/empleos-en-capital-federal,5
47f76604e230543f,https://ar.computrabajo.com/ofertas-de-trabajo/oferta-de-trabajo-de-soporte-tecnico-jr-11-a-20-hs-en-monserrat-3E925482399E303861373E686DCF3405,Soporte Técnico Jr 11 a 20 hs,posted|wp_id=35093|https://argentina.mimusjobs.com/job/soporte-tecnico-jr-11-a-20-hs-7/,2026-09-27T15:32:49.315624,https://ar.computrabajo.com/empleos-en-capital-federal,5
14542793dcedef22,https://ar.computrabajo.com/ofertas-de-trabajo/oferta-de-trabajo-de-cuidadoras-con-tecnicas-de-movilizacion-en-belgrano-8A1D82F5AC045C1461373E686DCF3405,Cuidadoras con Técnicas de Movilización,posted|wp_id=35094|https://argentina.mimusjobs.com/job/cuidadoras-con-tecnicas-de-movilizacion-6/,2026-09-27T15:32:55.135745,https://ar.computrabajo.com/empleos-en-capital-federal,5
694d4f86a1287540,https://ar.computrabajo.com/ofertas-de-trabajo/oferta-de-trabajo-de-tecnico-especialista-en-alarmas-y-camaras-de-seguridad-en-floresta-9A09F34BF548D57561373E686DCF3405,Técnico Especialista en Alarmas y Cámaras de Seguridad,posted|wp_id=35095|https://argentina.mimusjobs.com/job/tecnico-especialista-en-alarmas-y-camaras-de-seguridad-6/,2026-09-27T15:33:00.193675,https://ar.computrabajo.com/empleos-en-capital-federal,5
486e9f73c2059a0e,https://ar.computrabajo.com/ofertas-de-trabajo/oferta-de-trabajo-de-ref-21497-business-analystsbanca-nunez-caba-en-nunez-1BED4CDD2191273361373E686DCF3405,Ref. 21497: Business Analysts/Banca - Nuñez CABA,posted|wp_id=35097|https://argentina.mimusjobs.com/job/ref-21497-business-analysts-banca-nunez-caba-6/,2026-09-27T15:33:05.808151,https://ar.computrabajo.com/empleos-en-capital-federal,5
b3ee2b201cfbc9b7,https://ar.computrabajo.com/ofertas-de-trabajo/oferta-de-trabajo-de-auxiliar-de-montaje-para-hotel-5-estrellas-caba-en-retiro-45F5A12B3995C28161373E686DCF3405,"Auxiliar de Montaje para Hotel 5 Estrellas, CABA",posted|wp_id=21350|https://argentina.mimusjobs.com/job/auxiliar-de-montaje-para-hotel-5-estrellas-caba/,2026-09-27T15:33:08.637375,https://ar.computrabajo.com/empleos-en-capital-federal,6
f87a889fa6c4817c,https://ar.computrabajo.com/ofertas-de-trabajo/oferta-de-trabajo-de-analista-de-capacitacion-y-comunicacion-interna-transitorio-en-barracas-D4059C0A36ED0E3761373E686DCF3405,Analista de Capacitación y Comunicación Interna - Transitorio,posted|wp_id=35099|https://argentina.mimusjobs.com/job/analista-de-capacitacion-y-comunicacion-interna-transitorio-6/,2026-09-27T15:33:13.396294,https://ar.computrabajo.com/empleos-en-capital-federal,6
61aa87e3eb1af70e,https://ar.computrabajo.com/ofertas-de-trabajo/oferta-de-trabajo-de-lideres-de-sucursal-gerente-encargados-y-referentes-de-turno-en-villa-devoto-F2C3450CC650E56961373E686DCF3405,"Líderes de Sucursal: Gerente, Encargados y Referentes de Turno",posted|wp_id=35100|https://argentina.mimusjobs.com/job/lideres-de-sucursal-gerente-encargados-y-referentes-de-turno-6/,2026-09-27T15:33:17.220550,https://ar.computrabajo.com/empleos-en-capital-federal,6
24c0bdb529f7b9c4,https://ar.computrabajo.com/ofertas-de-trabajo/oferta-de-trabajo-de-chofer-enfermero-de-ambulancia-eventual-en-recoleta-C3F7C7E7647A309D61373E686DCF3405,Chofer / Enfermero de Ambulancia - Eventual,posted|wp_id=22278|https://argentina.mimusjobs.com/job/chofer-enfermero-de-ambulancia-eventual/,2026-09-27T15:33:20.319292,https://ar.computrabajo.com/empleos-en-capital-federal,6
dab538aa52829473,https://ar.computrabajo.com/ofertas-de-trabajo/oferta-de-trabajo-de-agente-inmobiliario-con-altas-comisiones-en-san-nicolas-098A5560909C33B661373E686DCF3405,agente inmobiliario - Con altas comisiones.,posted|wp_id=22294|https://argentina.mimusjobs.com/job/agente-inmobiliario-con-altas-comisiones/,2026-09-27T15:33:23.126312,https://ar.computrabajo.com/empleos-en-capital-federal,6
b2866c3cd43427f8,https://ar.computrabajo.com/ofertas-de-trabajo/oferta-de-trabajo-de-gerente-de-tienda-en-palermo-C5B9DEFF1586B36061373E686DCF3405,Gerente de tienda,posted|wp_id=10522|https://argentina.mimusjobs.com/job/gerente-de-tienda/,2026-09-27T15:33:26.580998,https://ar.computrabajo.com/empleos-en-capital-federal,6
d95474c6dc15cfc7,https://ar.computrabajo.com/ofertas-de-trabajo/oferta-de-trabajo-de-maestro-factureroa-panaderoa-maestro-factureropanadero-para-planta-en-jose-l-suarez-3-a-5-anos-de-experiencia-en-palermo-C8494D51C09227E261373E686DCF3405,"Maestro Facturero/a Panadero/a - maestro facturero/panadero para planta en Jose l Suarez, 3 a 5 años de experiencia",posted|wp_id=35101|https://argentina.mimusjobs.com/job/maestro-facturero-a-panadero-a-maestro-facturero-panadero-para-planta-en-jose-l-suarez-3-a-5-anos-de-experiencia-7/,2026-09-27T15:33:31.738122,https://ar.computrabajo.com/empleos-en-capital-federal,6
3efc45920f7f55eb,https://ar.computrabajo.com/ofertas-de-trabajo/oferta-de-trabajo-de-encargadoa-gastronomicoa-en-palermo-5528E200116AFEAD61373E686DCF3405,Encargado/a Gastronómico/a,posted|wp_id=35102|https://argentina.mimusjobs.com/job/encargado-a-gastronomico-a-7/,2026-09-27T15:33:36.492924,https://ar.computrabajo.com/empleos-en-capital-federal,6
64fc6440735d0a1b,https://ar.computrabajo.com/ofertas-de-trabajo/oferta-de-trabajo-de-medicina-domiciliaria-en-nunez-2048E52E02B35E1961373E686DCF3405,Medicina domiciliaria,posted|wp_id=22290|https://argentina.mimusjobs.com/job/medicina-domiciliaria/,2026-09-27T15:33:39.625839,https://ar.computrabajo.com/empleos-en-capital-federal,6
cd3aedbb06a492b7,https://ar.computrabajo.com/ofertas-de-trabajo/oferta-de-trabajo-de-responsable-de-personal-con-conocimientos-contables-en-recoleta-F1C77F667B5F66CE61373E686DCF3405,Responsable de Personal - con conocimientos contables,posted|wp_id=22291|https://argentina.mimusjobs.com/job/responsable-de-personal-con-conocimientos-contables/,2026-09-27T15:33:42.278257,https://ar.computrabajo.com/empleos-en-capital-federal,6
6118515002aa2e4f,https://ar.computrabajo.com/ofertas-de-trabajo/oferta-de-trabajo-de-asesor-comercial-full-time-en-nunez-031C9EC8DC1C7E7C61373E686DCF3405,Asesor Comercial - Full Time,posted|wp_id=22329|https://argentina.mimusjobs.com/job/asesor-comercial-full-time/,2026-09-27T15:33:45.742629,https://ar.computrabajo.com/empleos-en-capital-federal,6
3de0a19310173fa5,https://ar.computrabajo.com/ofertas-de-trabajo/oferta-de-trabajo-de-barista-turno-tarde-en-belgrano-AC33800AA8F1834061373E686DCF3405,Barista - Turno Tarde,posted|wp_id=22298|https://argentina.mimusjobs.com/job/barista-turno-tarde/,2026-09-27T15:33:48.123822,https://ar.computrabajo.com/empleos-en-capital-federal,6
041071effa61e67c,https://ar.computrabajo.com/ofertas-de-trabajo/oferta-de-trabajo-de-analista-de-seguridad-operativa-redes-presencial-en-san-nicolas-D4FC45A899701EDD61373E686DCF3405,Analista de Seguridad Operativa / Redes - Presencial,posted|wp_id=22327|https://argentina.mimusjobs.com/job/analista-de-seguridad-operativa-redes-presencial/,2026-09-27T15:33:51.203457,https://ar.computrabajo.com/empleos-en-capital-federal,6
4557d5aed747fcfe,https://ar.computrabajo.com/ofertas-de-trabajo/oferta-de-trabajo-de-barista-en-caballito-01A7025873479A1E61373E686DCF3405,Barista,posted|wp_id=13746|https://argentina.mimusjobs.com/job/barista/,2026-09-27T15:33:53.699639,https://ar.computrabajo.com/empleos-en-capital-federal,6
aef5629c549ae00b,https://ar.computrabajo.com/ofertas-de-trabajo/oferta-de-trabajo-de-ayudante-de-cocina-en-palermo-92BCE55AE4A3105B61373E686DCF3405,Ayudante de cocina,posted|wp_id=8130|https://argentina.mimusjobs.com/job/ayudante-de-cocina/,2026-09-27T15:33:56.813521,https://ar.computrabajo.com/empleos-en-capital-federal,6
1aa80ce90ec156b7,https://ar.computrabajo.com/ofertas-de-trabajo/oferta-de-trabajo-de-pasteleroa-produccion-y-eventos-en-puerto-madero-C8EE42FADD24FBD561373E686DCF3405,Pastelero/a - Producción y eventos,posted|wp_id=35104|https://argentina.mimusjobs.com/job/pastelero-a-produccion-y-eventos-6/,2026-09-27T15:34:04.358214,https://ar.computrabajo.com/empleos-en-capital-federal,6
69c83e6fbb499867,https://ar.computrabajo.com/ofertas-de-trabajo/oferta-de-trabajo-de-personal-de-limpieza-con-experiencia-en-san-cristobal-3F58252B651A872F61373E686DCF3405,Personal de limpieza - con experiencia,posted|wp_id=22304|https://argentina.mimusjobs.com/job/personal-de-limpieza-con-experiencia/,2026-09-27T15:34:09.020692,https://ar.computrabajo.com/empleos-en-capital-federal,6
6058a798a46ea5dc,https://ar.computrabajo.com/ofertas-de-trabajo/oferta-de-trabajo-de-enfermera-auxiliar-de-enfenfermera-para-geriatrico-en-floresta-B96350324702B4DF61373E686DCF3405,enfermera - auxiliar de enf/enfermera para geriatrico,posted|wp_id=22307|https://argentina.mimusjobs.com/job/enfermera-auxiliar-de-enf-enfermera-para-geriatrico/,2026-09-27T15:34:12.156851,https://ar.computrabajo.com/empleos-en-capital-federal,6
e2fa64dafacea9f5,https://ar.computrabajo.com/ofertas-de-trabajo/oferta-de-trabajo-de-pizzero-experiencia-comprobable-en-caballito-D762C1F5E52771C861373E686DCF3405,Pizzero - Experiencia comprobable,posted|wp_id=21282|https://argentina.mimusjobs.com/job/pizzero-experiencia-comprobable/,2026-09-27T15:34:14.707769,https://ar.computrabajo.com/empleos-en-capital-federal,6
ed2d8fa32ab7dfbc,https://ar.computrabajo.com/ofertas-de-trabajo/oferta-de-trabajo-de-chofer-en-barracas-BBACBF79D250806061373E686DCF3405,Chofer,posted|wp_id=11649|https://argentina.mimusjobs.com/job/chofer/,2026-09-27T15:34:17.870647,https://ar.computrabajo.com/empleos-en-capital-federal,6
58918e3e38d1e034,https://ar.computrabajo.com/ofertas-de-trabajo/oferta-de-trabajo-de-cocineroa-cocina-en-caballito-1671BFCF7CC43DD161373E686DCF3405,cocinero/a - cocina,posted|wp_id=22326|https://argentina.mimusjobs.com/job/cocinero-a-cocina/,2026-09-27T15:34:20.533107,https://ar.computrabajo.com/empleos-en-capital-federal,7
f36a9e3dba0e2340,https://ar.computrabajo.com/ofertas-de-trabajo/oferta-de-trabajo-de-ingeniero-especialista-en-estimaciones-en-puerto-madero-52AEC88D776EFCFB61373E686DCF3405,Ingeniero especialista en estimaciones,posted|wp_id=22331|https://argentina.mimusjobs.com/job/ingeniero-especialista-en-estimaciones/,2026-09-27T15:34:23.456328,https://ar.computrabajo.com/empleos-en-capital-federal,7
a8223fa07bbe6dc1,https://ar.computrabajo.com/ofertas-de-trabajo/oferta-de-trabajo-de-cajeroa-vendedor-part-time-pet-shop-en-villa-pueyrredon-445A1454EE1844F761373E686DCF3405,cajero/a vendedor - part time Pet Shop,posted|wp_id=22332|https://argentina.mimusjobs.com/job/cajero-a-vendedor-part-time-pet-shop/,2026-09-27T15:34:25.944948,https://ar.computrabajo.com/empleos-en-capital-federal,7
92a5013bebfa9f7a,https://ar.computrabajo.com/ofertas-de-trabajo/oferta-de-trabajo-de-operadora-de-call-center-incorporacion-inmediata-jornada-part-time-en-san-nicolas-A633331234E1FB1161373E686DCF3405,"operador/a de call center - incorporación inmediata, jornada part time",posted|wp_id=35107|https://argentina.mimusjobs.com/job/operador-a-de-call-center-incorporacion-inmediata-jornada-part-time-7/,2026-09-27T15:34:30.810320,https://ar.computrabajo.com/empleos-en-capital-federal,7
f996bc4e985c7afe,https://ar.computrabajo.com/ofertas-de-trabajo/oferta-de-trabajo-de-vendedora-comercial-en-caballito-1AE282A9C2C5D55C61373E686DCF3405,Vendedora Comercial,posted|wp_id=22321|https://argentina.mimusjobs.com/job/vendedora-comercial/,2026-09-27T15:34:33.955708,https://ar.computrabajo.com/empleos-en-capital-federal,7
6ff688a9dab870ae,https://ar.computrabajo.com/ofertas-de-trabajo/oferta-de-trabajo-de-cocinero-chef-turno-noche-ayudante-de-cocina-o-cocinero-en-palermo-995DC5C5D1719AEA61373E686DCF3405,"cocinero chef - Turno noche , ayudante de cocina o cocinero",posted|wp_id=22315|https://argentina.mimusjobs.com/job/cocinero-chef-turno-noche-ayudante-de-cocina-o-cocinero/,2026-09-27T15:34:37.087402,https://ar.computrabajo.com/empleos-en-capital-federal,7
e65cae1a37bb4c38,https://ar.computrabajo.com/ofertas-de-trabajo/oferta-de-trabajo-de-mercado-libre-operador-ecommerce-en-parque-patricios-BDAE4541EFB3D05461373E686DCF3405,Mercado Libre Operador ecommerce,posted|wp_id=22286|https://argentina.mimusjobs.com/job/mercado-libre-operador-ecommerce/,2026-09-27T15:34:40.007497,https://ar.computrabajo.com/empleos-en-capital-federal,7
d806122796b77421,https://ar.computrabajo.com/ofertas-de-trabajo/oferta-de-trabajo-de-operario-para-industria-grafica-fabrica-de-fotolibros-en-chacarita-EF5BB01987E2227761373E686DCF3405,Operario para Industria Grafica - (Fabrica de Fotolibros),posted|wp_id=22296|https://argentina.mimusjobs.com/job/operario-para-industria-grafica-fabrica-de-fotolibros/,2026-09-27T15:34:42.587781,https://ar.computrabajo.com/empleos-en-capital-federal,7
0d33d1e2af5dbccb,https://ar.computrabajo.com/ofertas-de-trabajo/oferta-de-trabajo-de-telemarketing-ventas-turno-manana-part-time-en-monserrat-2DB804D056634B1361373E686DCF3405,telemarketing ventas - Turno Mañana Part Time,posted|wp_id=35108|https://argentina.mimusjobs.com/job/telemarketing-ventas-turno-manana-part-time-6/,2026-09-27T15:34:46.755687,https://ar.computrabajo.com/empleos-en-capital-federal,7
63df88e8bc98bea6,https://ar.computrabajo.com/ofertas-de-trabajo/oferta-de-trabajo-de-encargado-turno-noche-en-villa-crespo-EFDD4E3116F5571C61373E686DCF3405,Encargado - Turno noche,posted|wp_id=22352|https://argentina.mimusjobs.com/job/encargado-turno-noche/,2026-09-27T15:34:49.365478,https://ar.computrabajo.com/empleos-en-capital-federal,7
bb077649b4ebbfb6,https://ar.computrabajo.com/ofertas-de-trabajo/oferta-de-trabajo-de-vendedorejecutivos-de-venta-con-experiencia-en-medicinaprivada-o-venta-de-seguros-turno-dis-en-san-nicolas-9402290BEFF9859861373E686DCF3405,Vendedor/Ejecutivos de Venta con experiencia en MedicinaPrivada o Venta de Seguros - Turno dís,posted|wp_id=35109|https://argentina.mimusjobs.com/job/vendedor-ejecutivos-de-venta-con-experiencia-en-medicinaprivada-o-venta-de-seguros-turno-dis-6/,2026-09-27T15:34:53.690670,https://ar.computrabajo.com/empleos-en-capital-federal,7
35238419dcd5435a,https://ar.computrabajo.com/ofertas-de-trabajo/oferta-de-trabajo-de-asesor-comercial-inmobiliario-hibrido-palermo-en-palermo-8C16FE4BDAC0349A61373E686DCF3405,Asesor Comercial Inmobiliario - Híbrido Palermo,posted|wp_id=35111|https://argentina.mimusjobs.com/job/asesor-comercial-inmobiliario-hibrido-palermo-6/,2026-09-27T15:34:58.673311,https://ar.computrabajo.com/empleos-en-capital-federal,7
a592cd7dfb60a2e9,https://ar.computrabajo.com/ofertas-de-trabajo/oferta-de-trabajo-de-vendedores-de-pos-y-cuentas-pymes-monotributistas-monotributistas-en-san-nicolas-36084C8C93980E4C61373E686DCF3405,Vendedores de pos y cuentas pymes (Monotributistas) - Monotributistas,posted|wp_id=22310|https://argentina.mimusjobs.com/job/vendedores-de-pos-y-cuentas-pymes-monotributistas-monotributistas/,2026-09-27T15:35:01.552723,https://ar.computrabajo.com/empleos-en-capital-federal,7
c0d1177af9c0d318,https://ar.computrabajo.com/ofertas-de-trabajo/oferta-de-trabajo-de-chofer-con-licencia-e1-zona-nueva-pompeya-en-recoleta-CFDF5CC68CA36BEF61373E686DCF3405,Chofer con Licencia E1 - Zona Nueva Pompeya,posted|wp_id=22345|https://argentina.mimusjobs.com/job/chofer-con-licencia-e1-zona-nueva-pompeya/,2026-09-27T15:35:04.421460,https://ar.computrabajo.com/empleos-en-capital-federal,7
c13ee64047a11116,https://ar.computrabajo.com/ofertas-de-trabajo/oferta-de-trabajo-de-analista-contable-en-recoleta-DF2762C996CBC2B161373E686DCF3405,Analista Contable,posted|wp_id=4490|https://argentina.mimusjobs.com/job/analista-contable/,2026-09-27T15:35:07.452615,https://ar.computrabajo.com/empleos-en-capital-federal,7
6e1654d8c9b9712e,https://ar.computrabajo.com/ofertas-de-trabajo/oferta-de-trabajo-de-chef-cocinero-fine-dining-en-recoleta-FE2579EAD6A4391C61373E686DCF3405,chef cocinero - Fine Dining,posted|wp_id=22308|https://argentina.mimusjobs.com/job/chef-cocinero-fine-dining/,2026-09-27T15:35:10.214039,https://ar.computrabajo.com/empleos-en-capital-federal,7
1f3d3a9e67d1a165,https://ar.computrabajo.com/ofertas-de-trabajo/oferta-de-trabajo-de-asesora-de-atencion-al-cliente-y-ventas-con-o-sin-experiencia-en-san-nicolas-BB7AC181E6A010A761373E686DCF3405,Asesor/a de atención al cliente y ventas - CON o SIN experiencia,posted|wp_id=35112|https://argentina.mimusjobs.com/job/asesor-a-de-atencion-al-cliente-y-ventas-con-o-sin-experiencia-7/,2026-09-27T15:35:16.330051,https://ar.computrabajo.com/empleos-en-capital-federal,7
617388fa66e52dec,https://ar.computrabajo.com/ofertas-de-trabajo/oferta-de-trabajo-de-analista-de-tesoreria-en-villa-crespo-8AF5B37169FE750861373E686DCF3405,analista de tesorería,posted|wp_id=35113|https://argentina.mimusjobs.com/job/analista-de-tesoreria-9/,2026-09-27T15:35:21.044630,https://ar.computrabajo.com/empleos-en-capital-federal,7
888cd2db39f01aa8,https://ar.computrabajo.com/ofertas-de-trabajo/oferta-de-trabajo-de-chofer-de-distribucion-con-experiencia-al-volante-en-nunez-D4FA8134E101EF9B61373E686DCF3405,chófer de distribución - con experiencia al volante,posted|wp_id=35114|https://argentina.mimusjobs.com/job/chofer-de-distribucion-con-experiencia-al-volante-5/,2026-09-27T15:35:25.331564,https://ar.computrabajo.com/empleos-en-capital-federal,7
b1d2b141261e48f9,https://ar.computrabajo.com/ofertas-de-trabajo/oferta-de-trabajo-de-jefae-de-pasteleria-para-central-de-produccion-de-mooi-en-villa-crespo-DF30CD9A3A64574861373E686DCF3405,Jefa/e de pastelería para central de producción de MÖOI,posted|wp_id=35115|https://argentina.mimusjobs.com/job/jefa-e-de-pasteleria-para-central-de-produccion-de-mooi-5/,2026-09-27T15:35:30.537573,https://ar.computrabajo.com/empleos-en-capital-federal,7
6a22bd160d1a6219,https://ar.computrabajo.com/ofertas-de-trabajo/oferta-de-trabajo-de-kinesiologoa-a-domicilio-en-caba-en-recoleta-EC1CC7A9B628A56161373E686DCF3405,Kinesiólogo/a - a Domicilio en CABA,posted|wp_id=35117|https://argentina.mimusjobs.com/job/kinesiologo-a-a-domicilio-en-caba-4/,2026-09-27T15:35:35.512781,https://ar.computrabajo.com/empleos-en-capital-federal,8
f9aa631ed94cfb82,https://ar.computrabajo.com/ofertas-de-trabajo/oferta-de-trabajo-de-analista-de-marketing-junior-en-villa-ortuzar-DFEBE08D7123A3A961373E686DCF3405,Analista de Marketing Junior,posted|wp_id=22341|https://argentina.mimusjobs.com/job/analista-de-marketing-junior/,2026-09-27T15:35:39.381687,https://ar.computrabajo.com/empleos-en-capital-federal,8
de26f667e51f9035,https://ar.computrabajo.com/ofertas-de-trabajo/oferta-de-trabajo-de-especialista-en-electricidad-automotriz-linea-ford-vicente-lopez-en-belgrano-B519B2C7F33BCF6761373E686DCF3405,Especialista en Electricidad Automotriz (Línea Ford) - Vicente Lopez,posted|wp_id=35119|https://argentina.mimusjobs.com/job/especialista-en-electricidad-automotriz-linea-ford-vicente-lopez-5/,2026-09-27T15:35:45.750754,https://ar.computrabajo.com/empleos-en-capital-federal,8
afdb1da8f1ce3e01,https://ar.computrabajo.com/ofertas-de-trabajo/oferta-de-trabajo-de-contadora-publico-para-empresa-de-soluciones-tecnologicas-en-parque-patricios-AEA21EDFE171D51261373E686DCF3405,Contador/a Público para Empresa de Soluciones Tecnológicas,posted|wp_id=35121|https://argentina.mimusjobs.com/job/contador-a-publico-para-empresa-de-soluciones-tecnologicas-5/,2026-09-27T15:35:51.533501,https://ar.computrabajo.com/empleos-en-capital-federal,8
a0253c3accd630aa,https://ar.computrabajo.com/ofertas-de-trabajo/oferta-de-trabajo-de-asistente-adm-ofi-tecnica-para-gestion-adm-de-mantenimientos-en-boedo-4432BEC2186AFCFB61373E686DCF3405,Asistente Adm Ofi Técnica - para gestión adm de mantenimientos,posted|wp_id=35122|https://argentina.mimusjobs.com/job/asistente-adm-ofi-tecnica-para-gestion-adm-de-mantenimientos-6/,2026-09-27T15:35:55.996340,https://ar.computrabajo.com/empleos-en-capital-federal,8
d0cbaf9694aaea8a,https://ar.computrabajo.com/ofertas-de-trabajo/oferta-de-trabajo-de-pasteleroa-en-palermo-133D3BAFABB0E74161373E686DCF3405,Pastelero/a,posted|wp_id=13398|https://argentina.mimusjobs.com/job/pastelero-a/,2026-09-27T15:35:58.450309,https://ar.computrabajo.com/empleos-en-capital-federal,8
25cae039e605b2f0,https://ar.computrabajo.com/ofertas-de-trabajo/oferta-de-trabajo-de-empleadoa-de-comercio-con-experiencia-en-mercado-libre-en-balvanera-9C498C912C8BDA2F61373E686DCF3405,empleado/a de comercio - Con experiencia en mercado libre,posted|wp_id=22365|https://argentina.mimusjobs.com/job/empleado-a-de-comercio-con-experiencia-en-mercado-libre/,2026-09-27T15:36:03.029634,https://ar.computrabajo.com/empleos-en-capital-federal,8
d5255d6476064589,https://ar.computrabajo.com/ofertas-de-trabajo/oferta-de-trabajo-de-operador-call-center-turno-tarde-en-monserrat-349D3C4307DFA4CC61373E686DCF3405,Operador Call center - turno tarde,posted|wp_id=22360|https://argentina.mimusjobs.com/job/operador-call-center-turno-tarde/,2026-09-27T15:36:05.613807,https://ar.computrabajo.com/empleos-en-capital-federal,8
18dc50165b97a53b,https://ar.computrabajo.com/ofertas-de-trabajo/oferta-de-trabajo-de-operario-de-deposito-y-expedicion-en-villa-del-parque-D5D5529505602C5061373E686DCF3405,Operario de depósito y expedición,posted|wp_id=35123|https://argentina.mimusjobs.com/job/operario-de-deposito-y-expedicion-6/,2026-09-27T15:36:10.847619,https://ar.computrabajo.com/empleos-en-capital-federal,8
0688099391368bb8,https://ar.computrabajo.com/ofertas-de-trabajo/oferta-de-trabajo-de-administrativo-contable-en-buenos-aires-directia-travel-argentina-en-san-nicolas-0EC113613952044761373E686DCF3405,Administrativo Contable en Buenos Aires - Directia Travel Argentina,posted|wp_id=22358|https://argentina.mimusjobs.com/job/administrativo-contable-en-buenos-aires-directia-travel-argentina/,2026-09-27T15:36:13.943013,https://ar.computrabajo.com/empleos-en-capital-federal,8
4345611d02969170,https://ar.computrabajo.com/ofertas-de-trabajo/oferta-de-trabajo-de-kinesiologia-fono-to-internacion-domiciliaria-zona-norte-en-palermo-F940633F5E07485461373E686DCF3405,Kinesiología / Fono / TO Internación Domiciliaria zona Norte,posted|wp_id=35125|https://argentina.mimusjobs.com/job/kinesiologia-fono-to-internacion-domiciliaria-zona-norte-7/,2026-09-27T15:36:18.663120,https://ar.computrabajo.com/empleos-en-capital-federal,8
eb796ce8229608f3,https://ar.computrabajo.com/ofertas-de-trabajo/oferta-de-trabajo-de-tecnico-de-tendido-y-empalme-de-fibra-optica-con-experiencia-en-constitucion-3E1115EC0A05DE5A61373E686DCF3405,Técnico de Tendido y Empalme de Fibra Óptica - Con Experiencia,posted|wp_id=35126|https://argentina.mimusjobs.com/job/tecnico-de-tendido-y-empalme-de-fibra-optica-con-experiencia-6/,2026-09-27T15:36:24.474271,https://ar.computrabajo.com/empleos-en-capital-federal,8
d1c09524a8dc3e4b,https://ar.computrabajo.com/ofertas-de-trabajo/oferta-de-trabajo-de-analista-administrativo-jr-en-agronomia-D5631D1B8954FAFF61373E686DCF3405,Analista Administrativo Jr.,posted|wp_id=22383|https://argentina.mimusjobs.com/job/analista-administrativo-jr/,2026-09-27T15:36:27.152857,https://ar.computrabajo.com/empleos-en-capital-federal,8
e3bc70696875fe95,https://ar.computrabajo.com/ofertas-de-trabajo/oferta-de-trabajo-de-oportunidad-de-crecimiento-y-desarrollo-comercial-18-a-35-anos-formacion-desde-cero-en-san-nicolas-A40D84D423F8104361373E686DCF3405,Oportunidad de Crecimiento y Desarrollo Comercial (18 a 35 años) - Formación Desde Cero,posted|wp_id=35128|https://argentina.mimusjobs.com/job/oportunidad-de-crecimiento-y-desarrollo-comercial-18-a-35-anos-formacion-desde-cero-7/,2026-09-27T15:36:32.706494,https://ar.computrabajo.com/empleos-en-capital-federal,8
b3da6a348a9728c8,https://ar.computrabajo.com/ofertas-de-trabajo/oferta-de-trabajo-de-vendedor-en-san-cristobal-97BA3B24ABA0C39961373E686DCF3405,Vendedor,posted|wp_id=2434|https://argentina.mimusjobs.com/job/vendedor/,2026-09-27T15:36:36.284347,https://ar.computrabajo.com/empleos-en-capital-federal,8
11cf2d16f2f108e1,https://ar.computrabajo.com/ofertas-de-trabajo/oferta-de-trabajo-de-vendedora-con-experiencia-en-palermo-A6B7C2387FFE7D8761373E686DCF3405,Vendedora - con experiencia,posted|wp_id=22351|https://argentina.mimusjobs.com/job/vendedora-con-experiencia/,2026-09-27T15:36:39.358043,https://ar.computrabajo.com/empleos-en-capital-federal,8
1904b533c0e50d16,https://ar.computrabajo.com/ofertas-de-trabajo/oferta-de-trabajo-de-ejecutivo-de-ventas-en-villa-urquiza-4A0BF5471ACA04C361373E686DCF3405,Ejecutivo de Ventas,posted|wp_id=2978|https://argentina.mimusjobs.com/job/ejecutivo-de-ventas/,2026-09-27T15:36:43.442105,https://ar.computrabajo.com/empleos-en-capital-federal,8
f25e4586e021c14c,https://ar.computrabajo.com/ofertas-de-trabajo/oferta-de-trabajo-de-generacion-de-demanda-lead-generator-en-parque-patricios-D81A3382DA1BA41961373E686DCF3405,Generación de demanda / Lead Generator,posted|wp_id=35133|https://argentina.mimusjobs.com/job/generacion-de-demanda-lead-generator-6/,2026-09-27T15:36:50.666213,https://ar.computrabajo.com/empleos-en-capital-federal,8
472f8a2ec3d0bbed,https://ar.computrabajo.com/ofertas-de-trabajo/oferta-de-trabajo-de-tecnico-relevo-multidisciplinario-nocturnodiurno-en-saavedra-26C464BFF9FC4CB361373E686DCF3405,Técnico Relevo Multidisciplinario - Nocturno+Diurno,posted|wp_id=35134|https://argentina.mimusjobs.com/job/tecnico-relevo-multidisciplinario-nocturnodiurno-6/,2026-09-27T15:36:55.357877,https://ar.computrabajo.com/empleos-en-capital-federal,8
8f53040534da4bf4,https://ar.computrabajo.com/ofertas-de-trabajo/oferta-de-trabajo-de-enfermerasos-profesionales-para-cuidados-paliativos-ingreso-inmediato-en-san-nicolas-E72E130BC689292561373E686DCF3405,Enfermeras/os profesionales para cuidados paliativos. Ingreso inmediato,posted|wp_id=22340|https://argentina.mimusjobs.com/job/enfermeras-os-profesionales-para-cuidados-paliativos-ingreso-inmediato/,2026-09-27T15:36:58.201260,https://ar.computrabajo.com/empleos-en-capital-federal,8
342754b46425db0f,https://ar.computrabajo.com/ofertas-de-trabajo/oferta-de-trabajo-de-personal-de-limpieza-en-puerto-madero-78375F5F92FE898761373E686DCF3405,Personal de limpieza,posted|wp_id=9612|https://argentina.mimusjobs.com/job/personal-de-limpieza/,2026-09-27T15:37:02.853336,https://ar.computrabajo.com/empleos-en-capital-federal,9
0543c91581767f9d,https://ar.computrabajo.com/ofertas-de-trabajo/oferta-de-trabajo-de-responsable-de-deposito-con-experiencia-en-la-paternal-4E03E8EFDE822A7A61373E686DCF3405,Responsable de Depósito - Con experiencia,posted|wp_id=35137|https://argentina.mimusjobs.com/job/responsable-de-deposito-con-experiencia-5/,2026-09-27T15:37:07.926996,https://ar.computrabajo.com/empleos-en-capital-federal,9
163c911f5b02e825,https://ar.computrabajo.com/ofertas-de-trabajo/oferta-de-trabajo-de-tecnico-en-mantenimiento-en-san-nicolas-0777DAD644FAF8A061373E686DCF3405,Técnico en mantenimiento,posted|wp_id=35138|https://argentina.mimusjobs.com/job/tecnico-en-mantenimiento-7/,2026-09-27T15:37:11.198513,https://ar.computrabajo.com/empleos-en-capital-federal,9
ae36dacc52780b48,https://ar.computrabajo.com/ofertas-de-trabajo/oferta-de-trabajo-de-referente-de-turno-polivalente-gastronomico-en-saavedra-A9745EE59B7F284A61373E686DCF3405,Referente de turno / Polivalente Gastronómico,posted|wp_id=35140|https://argentina.mimusjobs.com/job/referente-de-turno-polivalente-gastronomico-6/,2026-09-27T15:37:18.112646,https://ar.computrabajo.com/empleos-en-capital-federal,9
c145658bf4182dd6,https://ar.computrabajo.com/ofertas-de-trabajo/oferta-de-trabajo-de-ejecutivoa-comercial-b2b-envases-y-productos-sostenibles-caba-y-gran-buenos-aires-en-nueva-pompeya-6BF44C38E804F82F61373E686DCF3405,Ejecutivo/a Comercial B2B Envases y Productos Sostenibles - CABA y Gran Buenos Aires,posted|wp_id=35142|https://argentina.mimusjobs.com/job/ejecutivo-a-comercial-b2b-envases-y-productos-sostenibles-caba-y-gran-buenos-aires-6/,2026-09-27T15:37:23.940751,https://ar.computrabajo.com/empleos-en-capital-federal,9
72f6d8906facdcaf,https://ar.computrabajo.com/ofertas-de-trabajo/oferta-de-trabajo-de-profesora-de-historia-trabajo-part-time-trabajo-remoto-con-horario-flexible-en-liniers-A88977A88482774A61373E686DCF3405,Profesor/a de Historia – Trabajo Part Time - Trabajo Remoto con Horario Flexible,posted|wp_id=22377|https://argentina.mimusjobs.com/job/profesor-a-de-historia-trabajo-part-time-trabajo-remoto-con-horario-flexible/,2026-09-27T15:37:26.586966,https://ar.computrabajo.com/empleos-en-capital-federal,9
4d2776427ce20e07,https://ar.computrabajo.com/ofertas-de-trabajo/oferta-de-trabajo-de-camareroa-full-time-en-villa-crespo-11A5A476D400E6B561373E686DCF3405,Camarero/a - Full time,posted|wp_id=16886|https://argentina.mimusjobs.com/job/camarero-a-full-time/,2026-09-27T15:37:28.990488,https://ar.computrabajo.com/empleos-en-capital-federal,9
ea62176aefe6d812,https://ar.computrabajo.com/ofertas-de-trabajo/oferta-de-trabajo-de-coordinadora-de-operaciones-comerciales--call-center-en-monserrat-958B90DF698DEB3F61373E686DCF3405,Coordinador/a de Operaciones Comerciales / Call Center,posted|wp_id=21527|https://argentina.mimusjobs.com/job/coordinador-a-de-operaciones-comerciales-call-center/,2026-09-27T15:37:31.576943,https://ar.computrabajo.com/empleos-en-capital-federal,9
1a8ec1734412af14,https://ar.computrabajo.com/ofertas-de-trabajo/oferta-de-trabajo-de-command-center-it-ssroperador-de-monitoreo-sadefe-00-hs-a-12-hs-caba-en-san-cristobal-FF530970D1DC023261373E686DCF3405,Command Center IT SSR/Operador de monitoreo / SaDeFe 00 hs a 12 hs (CABA),posted|wp_id=22386|https://argentina.mimusjobs.com/job/command-center-it-ssr-operador-de-monitoreo-sadefe-00-hs-a-12-hs-caba/,2026-09-27T15:37:34.040264,https://ar.computrabajo.com/empleos-en-capital-federal,9
b283fb5c1ab562da,https://ar.computrabajo.com/ofertas-de-trabajo/oferta-de-trabajo-de-analista-de-administracion-de-personal-rubro-cosmetico-en-caballito-65019BB9D4C45ECD61373E686DCF3405,Analista de administración de personal - Rubro Cosmético,posted|wp_id=35143|https://argentina.mimusjobs.com/job/analista-de-administracion-de-personal-rubro-cosmetico-6/,2026-09-27T15:37:37.643493,https://ar.computrabajo.com/empleos-en-capital-federal,9
101598bd187a8fdf,https://ar.computrabajo.com/ofertas-de-trabajo/oferta-de-trabajo-de-maestranza-y-personal-limpieza-pcentro-medico-cexperiencia-resida-prox-almagro-en-agronomia-863A1860E2319F8C61373E686DCF3405,Maestranza y Personal Limpieza - p/Centro Médico c/experiencia resida prox. Almagro,posted|wp_id=35144|https://argentina.mimusjobs.com/job/maestranza-y-personal-limpieza-p-centro-medico-c-experiencia-resida-prox-almagro-6/,2026-09-27T15:37:41.931013,https://ar.computrabajo.com/empleos-en-capital-federal,9
fbc1d001175303d7,https://ar.computrabajo.com/ofertas-de-trabajo/oferta-de-trabajo-de-vendedora-retail-educando-jugueterias-jugueterias-educando-en-palermo-99606E88205CCF7261373E686DCF3405,Vendedor/a retail Educando jugueterias - Jugueterías Educando,posted|wp_id=35146|https://argentina.mimusjobs.com/job/vendedor-a-retail-educando-jugueterias-jugueterias-educando-7/,2026-09-27T15:37:47.473059,https://ar.computrabajo.com/empleos-en-capital-federal,9
8509d2883512c9ad,https://ar.computrabajo.com/ofertas-de-trabajo/oferta-de-trabajo-de-analista-de-seleccion-en-san-nicolas-C7A4ED2D10EE55AE61373E686DCF3405,Analista de Selección,posted|wp_id=35147|https://argentina.mimusjobs.com/job/analista-de-seleccion-7/,2026-09-27T15:37:51.223479,https://ar.computrabajo.com/empleos-en-capital-federal,9
1c3eb1046d54662b,https://ar.computrabajo.com/ofertas-de-trabajo/oferta-de-trabajo-de-representante-comercial-mass-market-en-retiro-B062E8CC118569A661373E686DCF3405,Representante Comercial Mass Market,posted|wp_id=22391|https://argentina.mimusjobs.com/job/representante-comercial-mass-market/,2026-09-27T15:37:53.835443,https://ar.computrabajo.com/empleos-en-capital-federal,9
098334114a60a20f,https://ar.computrabajo.com/ofertas-de-trabajo/oferta-de-trabajo-de-lider-comercial-en-belgrano-4839C4B38D2D533A61373E686DCF3405,Líder Comercial,posted|wp_id=35148|https://argentina.mimusjobs.com/job/lider-comercial-7/,2026-09-27T15:37:57.549653,https://ar.computrabajo.com/empleos-en-capital-federal,9
02ab4e3c2c4c8051,https://ar.computrabajo.com/ofertas-de-trabajo/oferta-de-trabajo-de-analista-de-precios-rubro-automotriz-en-agronomia-31D15F09F174593061373E686DCF3405,Analista de precios - Rubro automotriz,posted|wp_id=22253|https://argentina.mimusjobs.com/job/analista-de-precios-rubro-automotriz/,2026-09-27T15:38:01.103969,https://ar.computrabajo.com/empleos-en-capital-federal,9
c7b9ed9eb655c942,https://ar.computrabajo.com/ofertas-de-trabajo/oferta-de-trabajo-de-administrativoa-secretaria-de-alumnos-en-belgrano-B664C4869A7CB00C61373E686DCF3405,Administrativo/a Secretaría de Alumnos,posted|wp_id=35150|https://argentina.mimusjobs.com/job/administrativo-a-secretaria-de-alumnos-6/,2026-09-27T15:38:06.546019,https://ar.computrabajo.com/empleos-en-capital-federal,9
23e2de33ccf33834,https://ar.computrabajo.com/ofertas-de-trabajo/oferta-de-trabajo-de-ingeniero-electricista-aeroportuario-en-retiro-B38BE0718380AA5761373E686DCF3405,Ingeniero Electricista Aeroportuario,posted|wp_id=22382|https://argentina.mimusjobs.com/job/ingeniero-electricista-aeroportuario/,2026-09-27T15:38:09.202983,https://ar.computrabajo.com/empleos-en-capital-federal,9
e7fff2912e91d97e,https://ar.computrabajo.com/ofertas-de-trabajo/oferta-de-trabajo-de-auditor-medico-de-art-microcentro-en-san-nicolas-E7C889D73025FC6B61373E686DCF3405,Auditor medico de ART Microcentro,posted|wp_id=22401|https://argentina.mimusjobs.com/job/auditor-medico-de-art-microcentro/,2026-09-27T15:38:11.924390,https://ar.computrabajo.com/empleos-en-capital-federal,9
192e5f067b115126,https://ar.computrabajo.com/ofertas-de-trabajo/oferta-de-trabajo-de-supervisor-de-cobranzas-caba-en-colegiales-C598F068117306C061373E686DCF3405,Supervisor de Cobranzas - Caba,posted|wp_id=22255|https://argentina.mimusjobs.com/job/supervisor-de-cobranzas-caba/,2026-09-27T15:38:14.705567,https://ar.computrabajo.com/empleos-en-capital-federal,9
ca740adfe30f0d4c,https://ar.computrabajo.com/ofertas-de-trabajo/oferta-de-trabajo-de-vigilador-zona-caba-en-villa-del-parque-46F927FC42DC695E61373E686DCF3405,Vigilador - Zona CABA,posted|wp_id=22397|https://argentina.mimusjobs.com/job/vigilador-zona-caba/,2026-09-27T15:38:17.200950,https://ar.computrabajo.com/empleos-en-capital-federal,10
20fd8c7408825466,https://ar.computrabajo.com/ofertas-de-trabajo/oferta-de-trabajo-de-mucama-con-experiencia-en-geriatrico-en-recoleta-99739C0A66C93F4B61373E686DCF3405,Mucama con experiencia en geriatrico,posted|wp_id=22418|https://argentina.mimusjobs.com/job/mucama-con-experiencia-en-geriatrico/,2026-09-27T15:38:19.914813,https://ar.computrabajo.com/empleos-en-capital-federal,10
50297923af29eaae,https://ar.computrabajo.com/ofertas-de-trabajo/oferta-de-trabajo-de-administrativoa-caba-y-gran-bs-as-en-monserrat-E4110812B94F46C861373E686DCF3405,Administrativo/a (CABA y Gran Bs As),posted|wp_id=22405|https://argentina.mimusjobs.com/job/administrativo-a-caba-y-gran-bs-as/,2026-09-27T15:38:25.265487,https://ar.computrabajo.com/empleos-en-capital-federal,10
33b1dc0ab1d1ed3f,https://ar.computrabajo.com/ofertas-de-trabajo/oferta-de-trabajo-de-vendedor-de-creditos-zona-sur-en-almagro-5CFF0982AD972CEA61373E686DCF3405,Vendedor de Creditos - Zona Sur,posted|wp_id=22408|https://argentina.mimusjobs.com/job/vendedor-de-creditos-zona-sur/,2026-09-27T15:38:27.679179,https://ar.computrabajo.com/empleos-en-capital-federal,10
23c482313468fd55,https://ar.computrabajo.com/ofertas-de-trabajo/oferta-de-trabajo-de-operario-de-servicio-tecnico-de-maquinaria-con-registro-presencial-mataderos-en-mataderos-319C347568E555B561373E686DCF3405,Operario de Servicio Técnico de maquinaria con registro presencial (mataderos),posted|wp_id=35154|https://argentina.mimusjobs.com/job/operario-de-servicio-tecnico-de-maquinaria-con-registro-presencial-mataderos-6/,2026-09-27T15:38:33.645033,https://ar.computrabajo.com/empleos-en-capital-federal,10
fe74df2be6e97c1b,https://ar.computrabajo.com/ofertas-de-trabajo/oferta-de-trabajo-de-jefe-de-control-de-gestion-de-rrhh-en-barracas-8B254DE4845244F561373E686DCF3405,Jefe de Control de Gestión de RRHH,posted|wp_id=35156|https://argentina.mimusjobs.com/job/jefe-de-control-de-gestion-de-rrhh-6/,2026-09-27T15:38:40.654590,https://ar.computrabajo.com/empleos-en-capital-federal,10
d61a937d3735d255,https://ar.computrabajo.com/ofertas-de-trabajo/oferta-de-trabajo-de-una administrativoa de recepcion  laboratorio de analisis clinicos-en-retiro-F99697B9C4705CC961373E686DCF3405,Un/a Administrativo/a de Recepción – Laboratorio de Análisis Clínicos,posted|wp_id=35158|https://argentina.mimusjobs.com/job/un-a-administrativo-a-de-recepcion-laboratorio-de-analisis-clinicos-6/,2026-09-27T15:38:46.500901,https://ar.computrabajo.com/empleos-en-capital-federal,10
e4b4ef8e72ecd151,https://ar.computrabajo.com/ofertas-de-trabajo/oferta-de-trabajo-de-acompanante-terapeuticoa-en-villa-del-parque-87F0FC1C7F28543061373E686DCF3405,Acompañante terapéutico/a,posted|wp_id=35160|https://argentina.mimusjobs.com/job/acompanante-terapeutico-a-10/,2026-09-27T15:38:51.889410,https://ar.computrabajo.com/empleos-en-capital-federal,10
48196f69cbb09f10,https://ar.computrabajo.com/ofertas-de-trabajo/oferta-de-trabajo-de-operadora-de-atencion-al-cliente-en-floresta-7F0E7CE3FBE71C7761373E686DCF3405,Operador/a de atención al cliente,posted|wp_id=35161|https://argentina.mimusjobs.com/job/operador-a-de-atencion-al-cliente-6/,2026-09-27T15:38:56.895041,https://ar.computrabajo.com/empleos-en-capital-federal,10
dcb86778ea53930c,https://ar.computrabajo.com/ofertas-de-trabajo/oferta-de-trabajo-de-porteria-y-control-en-barracas-6FBD199845D1235661373E686DCF3405,Portería y Control,posted|wp_id=35163|https://argentina.mimusjobs.com/job/porteria-y-control-6/,2026-09-27T15:39:02.040767,https://ar.computrabajo.com/empleos-en-capital-federal,10
8a57dc7026ed2697,https://ar.computrabajo.com/ofertas-de-trabajo/oferta-de-trabajo-de-asistentes-gerontologicas-con-cama-en-recoleta-BABBA84DDE9AB9BD61373E686DCF3405,Asistentes Gerontológicas con cama,posted|wp_id=35164|https://argentina.mimusjobs.com/job/asistentes-gerontologicas-con-cama-6/,2026-09-27T15:39:05.959631,https://ar.computrabajo.com/empleos-en-capital-federal,10
b911d033ec0dac93,https://ar.computrabajo.com/ofertas-de-trabajo/oferta-de-trabajo-de-oficial-de-mantenimiento-edilicio-en-recoleta-54B6731C863D6E5961373E686DCF3405,Oficial de mantenimiento edilicio,posted|wp_id=22420|https://argentina.mimusjobs.com/job/oficial-de-mantenimiento-edilicio/,2026-09-27T15:39:08.967195,https://ar.computrabajo.com/empleos-en-capital-federal,10
